日期,獲利,總獲利,最大投入金額,商品檔數
2023/04/24,-7.02,-7.02,"1,012",9
2023/04/25,-30.46,-37.48,"1,603",13
2023/04/26,-6.72,-44.2,"2,042",16
2023/04/27,52.19,7.99000000000001,"3,791.95",24
2023/04/28,83.73,91.72,"10,413.32",63
2023/05/01,-27.28,64.44,"17,410.32",98
2023/05/02,-141.64,-77.2,"19,891.86",112
2023/05/03,-169.16,-246.36,"24,790.05",107
2023/05/04,-230.85,-477.21,"24,923.83",102
2023/05/05,283.37,-193.84,"25,011.23",104
2023/05/08,5.86,-187.98,"27,699.26",126
2023/05/09,29.98,-158,"28,387.27",138
2023/05/10,-35.21,-193.21,"29,553.91",153
2023/05/11,-99.3099999999999,-292.52,"29,868.4",155
2023/05/12,0.960000000000004,-291.56,"30,816.15",158
2023/05/15,155.02,-136.54,"31,269.71",163
2023/05/16,-258.96,-395.5,"32,540.54",182
2023/05/17,258.38,-137.12,"32,540.54",183
2023/05/18,329.62,192.5,"34,582.51",204
2023/05/19,-211.9,-19.4000000000002,"41,631.2",250
2023/05/22,-83.8799999999999,-103.28,"43,712.65",263
2023/05/23,-708.300000000001,-811.580000000001,"43,712.65",262
2023/05/24,-467.75,"-1,279.33","43,712.65",249
2023/05/25,332.14,-947.190000000001,"43,712.65",222
2023/05/26,426.48,-520.710000000001,"43,712.65",211
2023/05/30,-47.91,-568.620000000001,"43,712.65",212
2023/05/31,-440.65,"-1,009.27","43,712.65",212
2023/06/01,227.1,-782.17,"43,712.65",208
2023/06/02,628.87,-153.3,"43,712.65",242
2023/06/05,-300.36,-453.66,"49,494.77",296
2023/06/06,275.1,-178.560000000001,"54,367.36",340
2023/06/07,225.95,47.3899999999994,"57,193.88",362
2023/06/08,132.29,179.68,"57,847.95",369
2023/06/09,-62.09,117.59,"57,847.95",366
2023/06/12,483.54,601.13,"58,721.09",374
2023/06/13,574.54,"1,175.67","60,027.9",380
2023/06/14,-196.68,978.99,"61,892.9",390
2023/06/15,861.72,"1,840.71","63,173.25",403
2023/06/16,-67.01,"1,773.7","64,959.55",404
2023/06/20,-508.65,"1,265.05","64,959.55",401
2023/06/21,34.06,"1,299.11","64,959.55",386
2023/06/22,-148.21,"1,150.9","64,959.55",365
2023/06/23,-221.38,929.519999999999,"64,959.55",324
2023/06/26,131.9,"1,061.42","64,959.55",281
2023/06/27,500.36,"1,561.78","64,959.55",255
2023/06/28,-61.9,"1,499.88","64,959.55",255
2023/06/29,318.04,"1,817.92","64,959.55",262
2023/06/30,451.59,"2,269.51","64,959.55",291
2023/07/03,-161.86,"2,107.65","64,959.55",328
2023/07/05,-277.79,"1,829.86","64,959.55",340
2023/07/06,-587,"1,242.86","64,959.55",323
2023/07/07,-79.0799999999999,"1,163.78","64,959.55",270
2023/07/10,334.21,"1,497.99","64,959.55",256
2023/07/11,327.34,"1,825.33","64,959.55",263
2023/07/12,181.18,"2,006.51","64,959.55",303
2023/07/13,143.97,"2,150.48","64,959.55",320
2023/07/14,-129.4,"2,021.08","64,959.55",329
2023/07/17,179.23,"2,200.31","64,959.55",328
2023/07/18,266,"2,466.31","64,959.55",321
2023/07/19,41.67,"2,507.98","64,959.55",314
2023/07/20,-447.29,"2,060.69","64,959.55",320
2023/07/21,161.92,"2,222.61","64,959.55",316
2023/07/24,41.92,"2,264.53","64,959.55",303
2023/07/25,38.37,"2,302.9","64,959.55",288
2023/07/26,20.72,"2,323.62","64,959.55",267
2023/07/27,-348.86,"1,974.76","64,959.55",272
2023/07/28,120.1,"2,094.86","64,959.55",252
2023/07/31,33.33,"2,128.19","64,959.55",231
2023/08/01,-48.93,"2,079.26","64,959.55",224
2023/08/02,-256.01,"1,823.25","64,959.55",214
2023/08/03,-3.27000000000001,"1,819.98","64,959.55",181
2023/08/04,-649.38,"1,170.6","64,959.55",162
2023/08/07,261.47,"1,432.07","64,959.55",158
2023/08/08,-155.41,"1,276.66","64,959.55",152
2023/08/09,-71.63,"1,205.03","64,959.55",141
2023/08/10,24.51,"1,229.54","64,959.55",146
2023/08/11,74.51,"1,304.05","64,959.55",143
2023/08/14,73.2400000000001,"1,377.29","64,959.55",138
2023/08/15,-201.37,"1,175.92","64,959.55",129
2023/08/16,-117.06,"1,058.86","64,959.55",115
2023/08/17,-182.99,875.87,"64,959.55",97
2023/08/18,55.47,931.34,"64,959.55",87
2023/08/21,53.57,984.91,"64,959.55",76
2023/08/22,-15.76,969.15,"64,959.55",80
2023/08/23,110.08,"1,079.23","64,959.55",94
2023/08/24,-328.08,751.15,"64,959.55",126
2023/08/25,148.43,899.58,"64,959.55",139
2023/08/28,133.28,"1,032.86","64,959.55",176
2023/08/29,452.83,"1,485.69","64,959.55",223
2023/08/30,275.26,"1,760.95","64,959.55",276
2023/08/31,-151.01,"1,609.94","64,959.55",323
2023/09/01,327.89,"1,937.83","64,959.55",360
2023/09/05,-913.18,"1,024.65","64,959.55",357
2023/09/06,0.960000000000133,"1,025.61","64,959.55",328
2023/09/07,-156.15,869.46,"64,959.55",288
2023/09/08,-159.08,710.38,"64,959.55",277
2023/09/11,153.83,864.21,"64,959.55",280
2023/09/12,-412.14,452.069999999999,"64,959.55",283
2023/09/13,-9.51000000000001,442.559999999999,"64,959.55",278
2023/09/14,354.64,797.199999999999,"64,959.55",269
2023/09/15,-444.66,352.539999999999,"64,959.55",283
2023/09/18,-52.75,299.789999999999,"64,959.55",274
2023/09/19,-90.15,209.639999999999,"64,959.55",260
2023/09/20,-93.7100000000001,115.929999999999,"64,959.55",260
2023/09/21,-434.32,-318.390000000001,"64,959.55",251
2023/09/22,-73.32,-391.710000000002,"64,959.55",208
2023/09/25,41.48,-350.230000000001,"64,959.55",179
2023/09/26,-234.59,-584.820000000001,"64,959.55",155
2023/09/27,-9.86,-594.680000000001,"64,959.55",137
2023/09/28,161.82,-432.860000000001,"64,959.55",134
2023/09/29,-226.05,-658.910000000001,"64,959.55",162
2023/10/02,-155.9,-814.810000000001,"64,959.55",166
2023/10/03,-309.69,"-1,124.5","64,959.55",159
2023/10/04,157.03,-967.470000000002,"64,959.55",146
2023/10/05,-99.8000000000001,"-1,067.27","64,959.55",157
2023/10/06,315.94,-751.330000000002,"64,959.55",178
2023/10/09,373.32,-378.010000000001,"64,959.55",217
2023/10/10,169.21,-208.800000000001,"64,959.55",293
2023/10/11,321.83,113.029999999999,"64,959.55",346
2023/10/12,-830.24,-717.210000000002,"64,959.55",374
2023/10/13,-254.97,-972.180000000002,"64,959.55",377
2023/10/16,596.850000000001,-375.330000000002,"64,959.55",383
2023/10/17,167.9,-207.430000000002,"64,959.55",389
2023/10/18,-946.96,"-1,154.39","64,959.55",392
2023/10/19,-718.28,"-1,872.67","64,959.55",374
2023/10/20,-362.28,"-2,234.95","64,959.55",329
2023/10/23,-159.51,"-2,394.46","64,959.55",270
2023/10/24,1.85000000000002,"-2,392.61","64,959.55",229
2023/10/25,-173.03,"-2,565.64","64,959.55",212
2023/10/26,-110.36,"-2,676","64,959.55",198
2023/10/27,-196.51,"-2,872.51","64,959.55",188
2023/10/30,122.16,"-2,750.35","64,959.55",179
2023/10/31,192.89,"-2,557.46","64,959.55",193
2023/11/01,163.6,"-2,393.86","64,959.55",235
2023/11/02,671.12,"-1,722.74","64,959.55",310
2023/11/03,921.3,-801.440000000003,"64,959.55",388
2023/11/06,-116.58,-918.020000000003,"66,672.19",412
2023/11/07,199.21,-718.810000000003,"68,021.64",419
2023/11/08,-61.36,-780.170000000003,"70,310.82",423
2023/11/09,-454.51,"-1,234.68","70,457.12",423
2023/11/10,"1,076.26",-158.420000000002,"70,457.12",415
2023/11/13,-46.97,-205.390000000002,"70,457.12",406
2023/11/14,"1,753.03","1,547.64","70,775.28",421
2023/11/15,130.1,"1,677.74","71,221.09",432
2023/11/16,-86.7,"1,591.04","71,548.01",438
2023/11/17,151.87,"1,742.91","71,548.01",433
2023/11/20,344.3,"2,087.21","71,548.01",431
2023/11/21,-23.11,"2,064.1","71,548.01",426
2023/11/22,226.14,"2,290.24","71,548.01",418
2023/11/24,193.97,"2,484.21","71,548.01",420
2023/11/27,-213.35,"2,270.86","71,548.01",431
2023/11/28,-192.51,"2,078.35","71,548.01",423
2023/11/29,268.5,"2,346.85","71,548.01",408
2023/11/30,400.009999999999,"2,746.86","71,548.01",385
2023/12/01,719.33,"3,466.19","71,548.01",359
2023/12/04,116.3,"3,582.49","71,548.01",362
2023/12/05,-415.22,"3,167.27","71,548.01",355
2023/12/06,37.74,"3,205.01","71,548.01",340
2023/12/07,205.4,"3,410.41","71,548.01",321
2023/12/08,133.38,"3,543.79","71,548.01",291
2023/12/11,348.21,"3,892","71,548.01",290
2023/12/12,172.16,"4,064.16","71,548.01",297
2023/12/13,984.36,"5,048.52","71,548.01",327
2023/12/14,681.77,"5,730.29","71,548.01",359
2023/12/15,-348.4,"5,381.89","71,548.01",360
2023/12/18,8.28000000000001,"5,390.17","71,548.01",338
2023/12/19,497.98,"5,888.15","71,548.01",332
2023/12/20,-948.45,"4,939.7","71,548.01",326
2023/12/21,698.81,"5,638.51","71,548.01",311
2023/12/22,182.5,"5,821.01","71,548.01",291
2023/12/26,255.66,"6,076.67","71,548.01",281
2023/12/27,126.56,"6,203.23","71,548.01",270
2023/12/28,-60.15,"6,143.08","71,548.01",269
2023/12/29,-130.95,"6,012.13","71,548.01",262
2024/01/02,-183.15,"5,828.98","71,548.01",250
2024/01/03,-237.95,"5,591.03","71,548.01",209
2024/01/04,-73.76,"5,517.27","71,548.01",174
2024/01/05,-2.85,"5,514.42","71,548.01",151
2024/01/08,79.82,"5,594.24","71,548.01",144
2024/01/09,-83.6799999999999,"5,510.56","71,548.01",138
2024/01/10,69.55,"5,580.11","71,548.01",147
2024/01/11,29.05,"5,609.16","71,548.01",147
2024/01/12,49.99,"5,659.15","71,548.01",145
2024/01/16,28.74,"5,687.89","71,548.01",142
2024/01/17,-84.85,"5,603.04","71,548.01",130
2024/01/18,235.22,"5,838.26","71,548.01",125
2024/01/19,288.96,"6,127.22","71,548.01",136
2024/01/22,186.32,"6,313.54","71,548.01",164
2024/01/23,-494.51,"5,819.03","71,548.01",202
2024/01/24,-267.6,"5,551.43","71,548.01",214
2024/01/25,429.91,"5,981.34","71,548.01",225
2024/01/26,-161.71,"5,819.63","71,548.01",250
2024/01/29,433.19,"6,252.82","71,548.01",269
2024/01/30,224.87,"6,477.69","71,548.01",290
2024/01/31,-923.98,"5,553.71","71,548.01",302
2024/02/01,741.180000000001,"6,294.89","71,548.01",289
2024/02/02,300.18,"6,595.07","71,548.01",268
2024/02/05,-365.1,"6,229.97","71,548.01",257
2024/02/06,296.06,"6,526.03","71,548.01",243
2024/02/07,475.05,"7,001.08","71,548.01",248
2024/02/08,158.65,"7,159.73","71,548.01",274
2024/02/09,140.81,"7,300.54","71,548.01",272
2024/02/12,85.9500000000001,"7,386.49","71,548.01",295
2024/02/13,"-1,078.99","6,307.5","71,548.01",287
2024/02/14,685.25,"6,992.75","71,548.01",249
2024/02/15,299.68,"7,292.43","71,548.01",258
2024/02/16,-245.6,"7,046.83","71,548.01",282
2024/02/20,-266.79,"6,780.04","71,548.01",285
2024/02/21,107.66,"6,887.7","71,548.01",274
2024/02/22,494.46,"7,382.16","71,548.01",302
2024/02/23,103.76,"7,485.92","71,548.01",329
2024/02/26,-142.72,"7,343.2","71,548.01",338
2024/02/27,94.45,"7,437.65","71,548.01",342
2024/02/28,159.52,"7,597.17","71,548.01",332
2024/02/29,146.43,"7,743.6","71,548.01",324
2024/03/01,387.33,"8,130.93","71,548.01",331
2024/03/04,204.98,"8,335.91","71,548.01",310
2024/03/05,-459.71,"7,876.2","71,548.01",309
2024/03/06,303.37,"8,179.57","71,548.01",302
2024/03/07,368.6,"8,548.17","71,548.01",291
2024/03/08,-343.9,"8,204.27","71,548.01",294
2024/03/11,-195.21,"8,009.06","71,548.01",290
2024/03/12,225.75,"8,234.81","71,548.01",262
2024/03/13,-100.06,"8,134.75","71,548.01",266
2024/03/14,-394.01,"7,740.74","71,548.01",269
2024/03/15,-147.34,"7,593.4","71,548.01",238
2024/03/18,32.1,"7,625.5","71,548.01",202
2024/03/19,201.27,"7,826.77","71,548.01",188
2024/03/20,216.13,"8,042.9","71,548.01",201
2024/03/21,366.29,"8,409.19","71,548.01",249
2024/03/22,-323.5,"8,085.69","71,548.01",264
2024/03/25,-344.99,"7,740.7","71,548.01",263
2024/03/26,-69.21,"7,671.49","71,548.01",255
2024/03/27,518.38,"8,189.87","71,548.01",239
2024/03/28,197.95,"8,387.82","71,548.01",262
2024/04/01,-386.49,"8,001.33","71,548.01",264
2024/04/02,-555.2,"7,446.13","71,548.01",246
2024/04/03,-18.71,"7,427.42","71,548.01",214
2024/04/04,-369.15,"7,058.27","71,548.01",209
2024/04/05,234.11,"7,292.38","71,548.01",182
2024/04/08,49.18,"7,341.56","71,548.01",153
2024/04/09,65.5,"7,407.06","71,548.01",167
2024/04/10,-363.28,"7,043.78","71,548.01",154
2024/04/11,71.31,"7,115.09","71,548.01",125
2024/04/12,-342.59,"6,772.5","71,548.01",106
2024/04/15,-202.12,"6,570.38","71,548.01",90
2024/04/16,-70.56,"6,499.82","71,548.01",75
2024/04/17,-110.02,"6,389.8","71,548.01",64
2024/04/18,-61.83,"6,327.97","71,548.01",67
2024/04/19,-27.49,"6,300.48","71,548.01",83
2024/04/22,115.6,"6,416.08","71,548.01",118
2024/04/23,200.9,"6,616.98","71,548.01",158
2024/04/24,-9.34,"6,607.64","71,548.01",200
2024/04/25,-48.04,"6,559.6","71,548.01",234
2024/04/26,-15.84,"6,543.76","71,548.01",253
2024/04/29,209.14,"6,752.9","71,548.01",283
2024/04/30,-666.35,"6,086.55","71,548.01",305
2024/05/01,-303.58,"5,782.97","71,548.01",303
2024/05/02,353.92,"6,136.89","71,548.01",280
2024/05/03,309.58,"6,446.47","71,548.01",305
2024/05/06,578.98,"7,025.45","71,548.01",321
2024/05/07,110.72,"7,136.17","71,548.01",356
2024/05/08,-299.27,"6,836.9","71,548.01",371
2024/05/09,657.399999999999,"7,494.3","71,548.01",375
2024/05/10,368.31,"7,862.61","74,177.08",387
2024/05/13,-475.42,"7,387.19","75,574.6",396
2024/05/14,283.71,"7,670.9","75,574.6",393
2024/05/15,968.54,"8,639.44","75,574.6",389
2024/05/16,-436.81,"8,202.63","75,574.6",398
2024/05/17,108.18,"8,310.81","75,574.6",402
2024/05/20,96.9399999999999,"8,407.75","75,574.6",392
2024/05/21,-215.57,"8,192.18","75,574.6",379
2024/05/22,-182.27,"8,009.91","75,574.6",354
2024/05/23,-661.04,"7,348.87","75,574.6",327
2024/05/24,326.64,"7,675.51","75,574.6",262
2024/05/28,-315.41,"7,360.1","75,574.6",222
2024/05/29,-444.53,"6,915.57","75,574.6",193
2024/05/30,-40.7,"6,874.87","75,574.6",153
2024/05/31,38.15,"6,913.02","75,574.6",148
2024/06/03,-144.1,"6,768.92","75,574.6",154
2024/06/04,-128.9,"6,640.02","75,574.6",162
2024/06/05,294.3,"6,934.32","75,574.6",174
2024/06/06,-112.76,"6,821.56","75,574.6",199
2024/06/07,-195.86,"6,625.7","75,574.6",214
2024/06/10,146.4,"6,772.1","75,574.6",215
2024/06/11,-50.48,"6,721.62","75,574.6",210
2024/06/12,444.11,"7,165.73","75,574.6",242
2024/06/13,-55.34,"7,110.39","75,574.6",240
2024/06/14,-215.38,"6,895.01","75,574.6",230
2024/06/17,626.36,"7,521.37","75,574.6",222
2024/06/18,59.23,"7,580.6","75,574.6",231
2024/06/20,-179.19,"7,401.41","75,574.6",265
2024/06/21,147.83,"7,549.24","75,574.6",284
2024/06/24,209.39,"7,758.63","75,574.6",306
2024/06/25,-443.27,"7,315.36","75,574.6",323
2024/06/26,-79.5400000000001,"7,235.82","75,574.6",301
2024/06/27,138.44,"7,374.26","75,574.6",269
2024/06/28,-44.04,"7,330.22","75,574.6",262
2024/07/01,-527.54,"6,802.68","75,574.6",263
2024/07/02,154.64,"6,957.32","75,574.6",245
2024/07/03,3.54000000000001,"6,960.86","75,574.6",235
2024/07/05,43.7,"7,004.56","75,574.6",238
2024/07/08,-46.54,"6,958.02","75,574.6",247
2024/07/09,-122.27,"6,835.75","75,574.6",264
2024/07/10,298.07,"7,133.82","75,574.6",261
2024/07/11,630.75,"7,764.57","75,574.6",308
2024/07/12,402.89,"8,167.46","75,574.6",342
2024/07/15,165.59,"8,333.05","75,574.6",353
2024/07/16,"1,627.55","9,960.6","75,574.6",357
2024/07/17,-608.13,"9,352.47","75,574.6",373
2024/07/18,-518.22,"8,834.25","75,574.6",365
2024/07/19,-349,"8,485.25","75,574.6",348
2024/07/22,643.700000000001,"9,128.95000000001","75,574.6",342
2024/07/23,-166.56,"8,962.39","75,574.6",333
2024/07/24,-828,"8,134.39000000001","75,574.6",322
2024/07/25,290.42,"8,424.81","75,574.6",295
2024/07/26,689.92,"9,114.73000000001","75,574.6",264
2024/07/29,10.65,"9,125.38000000001","75,574.6",266
2024/07/30,430.05,"9,555.43000000001","75,574.6",276
2024/07/31,84.78,"9,640.21000000001","75,574.6",281
2024/08/01,-553,"9,087.21","75,574.6",286
2024/08/02,-652.670000000001,"8,434.54","75,574.6",261
2024/08/05,"-1,015.23","7,419.31","75,574.6",220
2024/08/06,106.12,"7,525.43","75,574.6",171
2024/08/07,-236.55,"7,288.88","75,574.6",165
2024/08/08,456.02,"7,744.9","75,574.6",166
2024/08/09,103.59,"7,848.49","75,574.6",162
2024/08/12,-107.82,"7,740.67","75,574.6",175
2024/08/13,477.23,"8,217.9","75,574.6",179
2024/08/14,214.98,"8,432.88","75,574.6",212
2024/08/15,481.4,"8,914.28","75,574.6",270
2024/08/16,72.62,"8,986.9","75,574.6",301
2024/08/19,386.15,"9,373.05","75,574.6",331
2024/08/20,-301.97,"9,071.08","75,574.6",364
2024/08/21,607.92,"9,679","75,574.6",372
2024/08/22,-308.36,"9,370.64","75,574.6",382
2024/08/23,"1,133.57","10,504.21","75,574.6",392
2024/08/26,-380.23,"10,123.98","75,574.6",409
2024/08/27,38.56,"10,162.54","75,574.6",406
2024/08/28,-319.69,"9,842.85","75,574.6",394
2024/08/29,255.95,"10,098.8","75,574.6",386
2024/08/30,693.76,"10,792.56","75,574.6",379
2024/09/03,"-1,310.95","9,481.61","75,574.6",379
2024/09/04,12.5,"9,494.11","75,574.6",346
2024/09/05,-378.93,"9,115.18","75,574.6",299
2024/09/06,-303.7,"8,811.48","75,574.6",244
2024/09/09,267.41,"9,078.89","75,574.6",209
2024/09/10,118.13,"9,197.02","75,574.6",171
2024/09/11,-69.7399999999999,"9,127.28","75,574.6",159
2024/09/12,176.92,"9,304.2","75,574.6",156
2024/09/13,262.37,"9,566.57","75,574.6",201
2024/09/16,277.2,"9,843.77","75,574.6",257
2024/09/17,135.13,"9,978.9","75,574.6",297
2024/09/18,-121.03,"9,857.87","75,574.6",319
2024/09/19,"1,128.3","10,986.17","75,574.6",334
2024/09/20,-456.66,"10,529.51","75,574.6",329
2024/09/23,434.35,"10,963.86","75,574.6",326
2024/09/24,65.77,"11,029.63","75,574.6",330
2024/09/25,-429.350000000001,"10,600.28","75,574.6",328
2024/09/26,575.980000000001,"11,176.26","75,574.6",320
2024/09/27,3.81000000000001,"11,180.07","75,574.6",318
2024/09/30,-12.83,"11,167.24","75,574.6",314
2024/10/01,-362.89,"10,804.35","75,574.6",314
2024/10/02,-36.82,"10,767.53","75,574.6",291
2024/10/03,-180.25,"10,587.28","75,574.6",264
2024/10/04,312.75,"10,900.03","75,574.6",237
2024/10/07,-258.13,"10,641.9","75,574.6",218
2024/10/08,145.53,"10,787.43","75,574.6",211
2024/10/09,302.78,"11,090.21","75,574.6",219
2024/10/10,-298.07,"10,792.14","75,574.6",224
2024/10/11,460.38,"11,252.52","75,574.6",232
2024/10/14,350.06,"11,602.58","75,574.6",250
2024/10/15,-502.76,"11,099.82","75,574.6",291
2024/10/16,275.57,"11,375.39","75,574.6",305
2024/10/17,36,"11,411.39","75,574.6",312
2024/10/18,141.93,"11,553.32","75,574.6",308
2024/10/21,-498.86,"11,054.46","75,574.6",296
2024/10/22,-409.32,"10,645.14","75,574.6",276
2024/10/23,-147.7,"10,497.44","75,574.6",240
2024/10/24,-158.72,"10,338.72","75,574.6",225
2024/10/25,-295.47,"10,043.25","75,574.6",218
2024/10/28,69.09,"10,112.34","75,574.6",189
2024/10/29,-24.85,"10,087.49","75,574.6",189
2024/10/30,6.64,"10,094.13","75,574.6",174
2024/10/31,-461.31,"9,632.82000000001","75,574.6",176
2024/11/01,74.16,"9,706.98000000001","75,574.6",160
2024/11/04,-17.26,"9,689.72000000001","75,574.6",145
2024/11/05,253.88,"9,943.6","75,574.6",155
2024/11/06,739.38,"10,682.98","75,574.6",257
2024/11/07,61.73,"10,744.71","75,574.6",301
2024/11/08,628.88,"11,373.59","75,574.6",319
2024/11/11,429.54,"11,803.13","75,574.6",343
2024/11/12,-481.590000000001,"11,321.54","75,574.6",355
2024/11/13,32.92,"11,354.46","75,574.6",347
2024/11/14,-775.510000000001,"10,578.95","75,574.6",342
2024/11/15,-601.400000000001,"9,977.55","75,574.6",335
2024/11/18,243.29,"10,220.84","75,574.6",308
2024/11/19,-131.46,"10,089.38","75,574.6",272
2024/11/20,19.41,"10,108.79","75,574.6",252
2024/11/21,490.99,"10,599.78","75,574.6",257
2024/11/22,309.91,"10,909.69","75,574.6",274
2024/11/25,411.01,"11,320.7","75,574.6",338
2024/11/26,13.76,"11,334.46","75,574.6",357
2024/11/27,-230.35,"11,104.11","75,574.6",366
2024/11/29,216.58,"11,320.69","75,574.6",357
2024/12/02,-181.22,"11,139.47","75,574.6",354
2024/12/03,-198.18,"10,941.29","75,574.6",333
2024/12/04,-79.94,"10,861.35","75,574.6",299
2024/12/05,-508.87,"10,352.48","75,574.6",265
2024/12/06,261.92,"10,614.4","75,574.6",230
2024/12/09,-19.65,"10,594.75","75,574.6",208
2024/12/10,-238.95,"10,355.8","75,574.6",185
2024/12/11,97.06,"10,452.86","75,574.6",163
2024/12/12,-171.81,"10,281.05","75,574.6",162
2024/12/13,-32.78,"10,248.27","75,574.6",143
2024/12/16,29.28,"10,277.55","75,574.6",132
2024/12/17,-162.17,"10,115.38","75,574.6",123
2024/12/18,-845.81,"9,269.57","75,574.6",120
2024/12/19,-101.4,"9,168.17","75,574.6",98
2024/12/20,49.47,"9,217.64","75,574.6",80
2024/12/23,110.66,"9,328.3","75,574.6",79
2024/12/24,123.55,"9,451.85","75,574.6",89
2024/12/26,24.59,"9,476.44","75,574.6",113
2024/12/27,-201.7,"9,274.74","75,574.6",130
2024/12/30,-317.81,"8,956.93","75,574.6",134
2024/12/31,-28.4,"8,928.53","75,574.6",136
2025/01/02,-134.03,"8,794.5","75,574.6",166
2025/01/03,300.14,"9,094.64","75,574.6",183
2025/01/06,-38.68,"9,055.96","75,574.6",237
2025/01/07,-113.15,"8,942.81","75,574.6",272
2025/01/08,94.06,"9,036.87","75,574.6",278
2025/01/10,-620.32,"8,416.55","75,574.6",270
2025/01/13,380.13,"8,796.68","75,574.6",261
2025/01/14,360.34,"9,157.02","75,574.6",267
2025/01/15,623.28,"9,780.3","75,574.6",325
2025/01/16,610.150000000001,"10,390.45","75,574.6",341
2025/01/17,261.55,"10,652","75,574.6",371
2025/01/21,970.270000000001,"11,622.27","75,574.6",396
2025/01/22,12.26,"11,634.53","80,310.79",417
2025/01/23,440.09,"12,074.62","80,310.79",419
2025/01/24,-358.46,"11,716.16","80,310.79",416
2025/01/27,-369.25,"11,346.91","80,310.79",426
2025/01/28,-388.869999999999,"10,958.04","80,310.79",408
2025/01/29,-532.210000000001,"10,425.83","80,310.79",382
2025/01/30,891.380000000001,"11,317.21","80,310.79",374
2025/01/31,-556.18,"10,761.03","80,310.79",371
2025/02/03,-368.01,"10,393.02","80,310.79",357
2025/02/04,85.87,"10,478.89","80,310.79",316
2025/02/05,214.09,"10,692.98","80,310.79",302
2025/02/06,-56.22,"10,636.76","80,310.79",293
2025/02/07,-332.36,"10,304.4","80,310.79",280
2025/02/10,102.83,"10,407.23","80,310.79",272
2025/02/11,-36.97,"10,370.26","80,310.79",254
2025/02/12,-144.34,"10,225.92","80,310.79",235
2025/02/13,446.11,"10,672.03","80,310.79",224
2025/02/14,-116.49,"10,555.54","80,310.79",239
2025/02/18,78.49,"10,634.03","80,310.79",256
2025/02/19,147.42,"10,781.45","80,310.79",256
2025/02/20,-308.54,"10,472.91","80,310.79",265
2025/02/21,-624.54,"9,848.37","80,310.79",260
2025/02/24,33.93,"9,882.3","80,310.79",250
2025/02/25,158.42,"10,040.72","80,310.79",243
2025/02/26,-217.11,"9,823.61","80,310.79",229
2025/02/27,-267.21,"9,556.4","80,310.79",233
2025/02/28,446.45,"10,002.85","80,310.79",228
2025/03/03,-352.03,"9,650.82","80,310.79",246
2025/03/04,-626.610000000001,"9,024.21","80,310.79",242
2025/03/05,541.44,"9,565.65","80,310.79",218
2025/03/06,-169.29,"9,396.36","80,310.79",203
2025/03/07,225.4,"9,621.76","80,310.79",198
2025/03/10,-346.21,"9,275.55","80,310.79",198
2025/03/11,-748.78,"8,526.77","80,310.79",200
2025/03/12,-328.32,"8,198.45","80,310.79",182
2025/03/13,-495.62,"7,702.83","80,310.79",160
2025/03/14,593.95,"8,296.78","80,310.79",144
2025/03/17,406.36,"8,703.14","80,310.79",176
2025/03/18,-295.35,"8,407.79","80,310.79",202
2025/03/19,519.36,"8,927.15","80,310.79",237
2025/03/20,-197.44,"8,729.71","80,310.79",274
2025/03/21,-372.84,"8,356.87","80,310.79",284
2025/03/24,"1,222.75","9,579.62","80,310.79",296
2025/03/25,60.27,"9,639.89","80,310.79",322
2025/03/26,-664.310000000001,"8,975.58","80,310.79",343
2025/03/27,-248.47,"8,727.11","80,310.79",359
2025/03/28,"-1,492.1","7,235.01","80,310.79",372
2025/03/31,271.03,"7,506.04","80,310.79",361
2025/04/01,120.31,"7,626.35","80,310.79",314
2025/04/02,596.5,"8,222.85","80,310.79",329
2025/04/03,"-2,425.06","5,797.79","80,310.79",332
2025/04/04,"-2,023.74","3,774.05","80,310.79",236
2025/04/07,-473.8,"3,300.25","80,310.79",118
2025/04/08,-169.08,"3,131.17","80,310.79",58
2025/04/09,621.87,"3,753.04","80,310.79",58
2025/04/10,-418,"3,335.04","80,310.79",89
2025/04/11,371.2,"3,706.24","80,310.79",113
2025/04/14,79.45,"3,785.69","80,310.79",168
2025/04/15,-188.15,"3,597.54","80,310.79",237
2025/04/16,"-1,081.02","2,516.52","80,310.79",297
2025/04/17,230.39,"2,746.91","80,310.79",329
2025/04/21,"-1,563.6","1,183.31","80,310.79",338
2025/04/22,"1,057.62","2,240.93","80,310.79",345
2025/04/23,624.27,"2,865.2","80,310.79",407
2025/04/24,"1,349.56","4,214.76","80,310.79",413
2025/04/25,97.33,"4,312.09","80,310.79",409
2025/04/28,136.44,"4,448.53","80,310.79",407
2025/04/29,411.28,"4,859.81","80,310.79",406
2025/04/30,287.36,"5,147.17","80,310.79",415
2025/05/01,-13.6999999999999,"5,133.47","80,310.79",414
2025/05/02,"1,387.64","6,521.11","80,310.79",410
2025/05/05,-117.55,"6,403.56","80,310.79",403
2025/05/06,-756.49,"5,647.07","80,310.79",398
2025/05/07,510.81,"6,157.88","80,310.79",393
2025/05/08,568.65,"6,726.53","80,310.79",395
2025/05/09,-149.33,"6,577.2","80,310.79",384
2025/05/12,"2,219.53","8,796.73","80,310.79",379
2025/05/13,473.51,"9,270.24","80,310.79",372
2025/05/14,-381.33,"8,888.91","80,310.79",368
2025/05/15,404.94,"9,293.85","80,310.79",353
2025/05/16,628.03,"9,921.88","80,310.79",367
2025/05/19,115.49,"10,037.37","80,310.79",379
2025/05/20,-455.38,"9,581.99","80,310.79",392
2025/05/21,"-1,469.63","8,112.36","80,310.79",398
2025/05/22,-153.97,"7,958.39","80,310.79",369
2025/05/23,-388.65,"7,569.74","80,310.79",291
2025/05/27,570.11,"8,139.85","80,310.79",210
2025/05/28,-231.32,"7,908.53","80,310.79",206
2025/05/29,58.86,"7,967.39","80,310.79",195
2025/05/30,-19.2,"7,948.19","80,310.79",181
2025/06/02,50.74,"7,998.93","80,310.79",159
2025/06/03,47.67,"8,046.6","80,310.79",164
2025/06/04,-95.22,"7,951.38","80,310.79",187
2025/06/05,-110.24,"7,841.14","80,310.79",195
2025/06/06,128.37,"7,969.51","80,310.79",203
2025/06/09,-135.52,"7,833.99","80,310.79",227
2025/06/10,262.68,"8,096.67","80,310.79",227
2025/06/11,-93.13,"8,003.54","80,310.79",236
2025/06/12,81.55,"8,085.09","80,310.79",232
2025/06/13,-308.19,"7,776.9","80,310.79",219
2025/06/16,142.36,"7,919.26","80,310.79",195
2025/06/17,-302.15,"7,617.11","80,310.79",186
2025/06/18,-35.39,"7,581.72","80,310.79",176
2025/06/20,-20.1,"7,561.62","80,310.79",174
2025/06/23,199.44,"7,761.06","80,310.79",181
2025/06/24,149.81,"7,910.87","80,310.79",216
2025/06/25,-376.74,"7,534.13","80,310.79",239
2025/06/26,326.62,"7,860.75","80,310.79",264
2025/06/27,274.61,"8,135.36","80,310.79",289
2025/06/30,320.03,"8,455.39","80,310.79",307
2025/07/01,631.62,"9,087.00999999999","80,310.79",347
2025/07/02,173.26,"9,260.27","80,310.79",357
2025/07/03,341.49,"9,601.76","80,310.79",359
2025/07/07,-598.04,"9,003.71999999999","80,310.79",366
2025/07/08,-323.7,"8,680.01999999999","80,310.79",361
2025/07/09,447.95,"9,127.96999999999","80,310.79",339
2025/07/10,222.56,"9,350.52999999999","80,310.79",324
2025/07/11,-492.79,"8,857.73999999999","80,310.79",305
2025/07/14,55.98,"8,913.71999999999","80,310.79",282
2025/07/15,-945.48,"7,968.23999999999","80,310.79",272
2025/07/16,131.97,"8,100.20999999999","80,310.79",239
2025/07/17,229.8,"8,330.00999999999","80,310.79",187
2025/07/18,-4.92999999999999,"8,325.07999999999","80,310.79",206
2025/07/21,-157.57,"8,167.50999999999","80,310.79",213
2025/07/22,290.75,"8,458.25999999999","80,310.79",220
2025/07/23,176.95,"8,635.20999999999","80,310.79",242
2025/07/24,-79.9499999999999,"8,555.25999999999","80,310.79",280
2025/07/25,350.16,"8,905.41999999999","80,310.79",302
2025/07/28,-248.34,"8,657.07999999999","80,310.79",306
2025/07/29,-2.95999999999998,"8,654.11999999999","80,310.79",299
2025/07/30,-374.31,"8,279.80999999999","80,310.79",278
2025/07/31,-666.480000000001,"7,613.32999999999","80,310.79",263
2025/08/01,-561.48,"7,051.84999999999","80,310.79",223
2025/08/04,669.52,"7,721.36999999999","80,310.79",182
2025/08/05,-1.53000000000003,"7,719.83999999999","80,310.79",185
2025/08/06,43.26,"7,763.09999999999","80,310.79",187
2025/08/07,-80.82,"7,682.27999999999","80,310.79",186
2025/08/08,84.34,"7,766.61999999999","80,310.79",194
2025/08/11,-125.87,"7,640.74999999999","80,310.79",206
2025/08/12,234.32,"7,875.06999999999","80,310.79",218
2025/08/13,800.34,"8,675.40999999999","80,310.79",254
2025/08/14,-480.82,"8,194.58999999999","80,310.79",270
2025/08/15,-221.47,"7,973.11999999999","80,310.79",289
2025/08/18,-75.16,"7,897.95999999999","80,310.79",286
2025/08/19,513.36,"8,411.31999999999","80,310.79",292
2025/08/20,-204.77,"8,206.54999999999","80,310.79",302
2025/08/21,-354.81,"7,851.73999999999","80,310.79",301
2025/08/22,771.58,"8,623.31999999999","80,310.79",313
2025/08/25,-577.23,"8,046.08999999999","80,310.79",330
2025/08/26,117.69,"8,163.77999999999","80,310.79",329
2025/08/27,138.47,"8,302.24999999999","80,310.79",332
2025/08/28,165.2,"8,467.44999999999","80,310.79",330
2025/08/29,-4.57999999999999,"8,462.86999999999","80,310.79",317
2025/09/02,-486.27,"7,976.59999999999","80,310.79",298
2025/09/03,-97.18,"7,879.41999999999","80,310.79",259
2025/09/04,431.63,"8,311.04999999999","80,310.79",237
2025/09/05,-51.25,"8,259.79999999999","80,310.79",249
2025/09/08,178.1,"8,437.89999999999","80,310.79",253
2025/09/09,-348.99,"8,088.90999999999","80,310.79",234
2025/09/10,-142.57,"7,946.33999999999","80,310.79",228
2025/09/11,876.480000000001,"8,822.81999999999","80,310.79",236
2025/09/12,-578.96,"8,243.85999999999","80,310.79",251
2025/09/15,-91.61,"8,152.24999999999","80,310.79",254
2025/09/16,-124.39,"8,027.85999999999","80,310.79",233
2025/09/17,-67.46,"7,960.39999999999","80,310.79",232
2025/09/18,468.36,"8,428.75999999999","80,310.79",239
2025/09/19,-25.71,"8,403.04999999999","80,310.79",242
2025/09/22,254.87,"8,657.91999999999","80,310.79",236
2025/09/23,-176.12,"8,481.79999999999","80,310.79",243
2025/09/24,-366.04,"8,115.75999999999","80,310.79",253
2025/09/25,-381.37,"7,734.38999999999","80,310.79",254
2025/09/26,472.04,"8,206.42999999999","80,310.79",239
2025/09/29,189.78,"8,396.20999999999","80,310.79",251
2025/09/30,214.24,"8,610.44999999999","80,310.79",273
2025/10/01,207.64,"8,818.08999999999","80,310.79",286
2025/10/02,149.96,"8,968.04999999999","80,310.79",291
2025/10/03,173.35,"9,141.39999999999","80,310.79",299
2025/10/06,260.46,"9,401.86","80,310.79",304
2025/10/07,-346.3,"9,055.56","80,310.79",303
2025/10/08,226.45,"9,282.01","80,310.79",296
2025/10/09,-440.05,"8,841.96","80,310.79",287
2025/10/10,"-1,240.26","7,601.7","80,310.79",278
2025/10/13,382.629999999999,"7,984.33","80,310.79",226
2025/10/14,150.71,"8,135.04","80,310.79",211
2025/10/15,-68.5200000000001,"8,066.52","80,310.79",205
2025/10/16,-239.75,"7,826.77","80,310.79",217
2025/10/17,-29.73,"7,797.04","80,310.79",211
2025/10/20,416.49,"8,213.53","80,310.79",226
2025/10/21,194.61,"8,408.14","80,310.79",268
2025/10/22,-440.51,"7,967.63","80,310.79",299
2025/10/23,342.09,"8,309.72","80,310.79",299
2025/10/24,-26.38,"8,283.34","80,310.79",317
2025/10/27,366.03,"8,649.37","80,310.79",333
2025/10/28,-413.550000000001,"8,235.82","80,310.79",333
2025/10/29,-408.55,"7,827.27","80,310.79",313
2025/10/30,-617.26,"7,210.01","80,310.79",265
2025/10/31,48.28,"7,258.29","80,310.79",221
2025/11/03,-82.4699999999999,"7,175.82","80,310.79",203
2025/11/04,-608.05,"6,567.77","80,310.79",195
2025/11/05,263.02,"6,830.79","80,310.79",188
2025/11/06,-259.67,"6,571.12","80,310.79",195
2025/11/07,272.5,"6,843.62","80,310.79",200
2025/11/10,331.65,"7,175.27","80,310.79",211
2025/11/11,164.24,"7,339.51","80,310.79",243
2025/11/12,101.09,"7,440.6","80,310.79",292
2025/11/13,-695.79,"6,744.81","80,310.79",305
2025/11/14,-174.18,"6,570.63","80,310.79",300
2025/11/17,-639.48,"5,931.15","80,310.79",282
2025/11/18,-86.17,"5,844.98","80,310.79",258
2025/11/19,-143.37,"5,701.61","80,310.79",232
2025/11/20,-338.85,"5,362.76","80,310.79",239
2025/11/21,943.66,"6,306.42","80,310.79",244
2025/11/24,-142.13,"6,164.29","80,310.79",265
2025/11/25,"1,197.71","7,362","80,310.79",298
2025/11/26,316.18,"7,678.18","80,310.79",332
2025/11/28,152.88,"7,831.06","80,310.79",365
2025/12/01,-485.91,"7,345.15","80,310.79",385
2025/12/02,-4.49000000000003,"7,340.66","80,310.79",388
2025/12/03,748.16,"8,088.82","80,310.79",372
2025/12/04,14.06,"8,102.88","80,310.79",357
2025/12/05,290.65,"8,393.53","80,310.79",346
2025/12/08,-431.43,"7,962.1","80,310.79",343
2025/12/09,-220.98,"7,741.12","80,310.79",319
2025/12/10,999.04,"8,740.16","80,310.79",305
2025/12/11,620.19,"9,360.35","80,310.79",311
2025/12/12,-882.23,"8,478.12","80,310.79",328
2025/12/15,73.3000000000001,"8,551.42","80,310.79",331
2025/12/16,-400.28,"8,151.14","80,310.79",326
2025/12/17,-419.01,"7,732.13","80,310.79",313
2025/12/18,255.42,"7,987.55","80,310.79",303
2025/12/19,-9.60999999999998,"7,977.94","80,310.79",295
2025/12/22,493.62,"8,471.56","80,310.79",284
2025/12/23,-94.45,"8,377.11","80,310.79",277
2025/12/24,197.06,"8,574.17","80,310.79",291
2025/12/26,-78.1,"8,496.07","80,310.79",287
2025/12/29,-232.71,"8,263.36","80,310.79",300
2025/12/30,-169.53,"8,093.83","80,310.79",285
2025/12/31,-417.56,"7,676.27","80,310.79",274
2026/01/02,154.93,"7,831.2","80,310.79",251
2026/01/05,293.58,"8,124.78","80,310.79",242
2026/01/06,703.739999999999,"8,828.52","80,310.79",264
2026/01/07,-748.259999999999,"8,080.26","80,310.79",283
2026/01/08,92.27,"8,172.53","80,310.79",291
2026/01/09,736.669999999999,"8,909.2","80,310.79",300
2026/01/12,323.59,"9,232.79","80,310.79",304
2026/01/13,131.55,"9,364.34","80,310.79",298
2026/01/14,8.42000000000003,"9,372.76","80,310.79",298
2026/01/15,560.44,"9,933.2","80,310.79",301
2026/01/16,14.98,"9,948.18","80,310.79",309
2026/01/20,"-1,000.4","8,947.78","80,310.79",299
2026/01/21,"1,283.57","10,231.35","80,310.79",271
2026/01/22,-84.29,"10,147.06","80,310.79",258
2026/01/23,-465.21,"9,681.85","80,310.79",271
2026/01/26,133.06,"9,814.90999999999","80,310.79",265
2026/01/27,16.28,"9,831.19","80,310.79",267
2026/01/28,153.26,"9,984.45","80,310.79",259
2026/01/29,-87.46,"9,896.99","80,310.79",256
2026/01/30,-581.46,"9,315.53","80,310.79",255
2026/02/02,537.48,"9,853.01","80,310.79",241
2026/02/03,23.1999999999999,"9,876.21","80,310.79",257
2026/02/04,201.57,"10,077.78","80,310.79",280
2026/02/05,-556.97,"9,520.81","80,310.79",278
2026/02/06,"1,097","10,617.81","80,310.79",282
2026/02/09,-104.62,"10,513.19","80,310.79",295
2026/02/10,-36.97,"10,476.22","80,310.79",307
2026/02/11,410.42,"10,886.64","80,310.79",317
2026/02/12,-725.35,"10,161.29","80,310.79",327
2026/02/13,519.04,"10,680.33","80,310.79",317
2026/02/17,-159.77,"10,520.56","80,310.79",302
2026/02/18,-31.23,"10,489.33","80,310.79",290
2026/02/19,42.39,"10,531.72","80,310.79",285
2026/02/20,304.74,"10,836.46","80,310.79",281
2026/02/23,-702.78,"10,133.68","80,310.79",281
2026/02/24,479.59,"10,613.27","80,310.79",263
2026/02/25,188.39,"10,801.66","80,310.79",259
2026/02/26,196.54,"10,998.2","80,310.79",264
2026/02/27,15.77,"11,013.97","80,310.79",259
2026/03/02,44.13,"11,058.1","80,310.79",257
2026/03/03,-483.76,"10,574.34","80,310.79",235
2026/03/04,162.93,"10,737.27","80,310.79",214
2026/03/05,-191.01,"10,546.26","80,310.79",207
2026/03/06,-194.53,"10,351.73","80,310.79",185
2026/03/09,-189.75,"10,161.98","80,310.79",161
2026/03/10,-688.33,"9,473.64999999999","80,310.79",151
2026/03/11,-217.53,"9,256.11999999999","80,310.79",143
2026/03/12,-452.1,"8,804.01999999999","80,310.79",129
2026/03/13,-161.45,"8,642.56999999999","80,310.79",118
2026/03/16,80.05,"8,722.61999999999","80,310.79",122
2026/03/17,199.79,"8,922.40999999999","80,310.79",141
2026/03/18,-249.02,"8,673.38999999999","80,310.79",146
2026/03/19,142.31,"8,815.69999999999","80,310.79",146
2026/03/20,-548.88,"8,266.81999999999","80,310.79",156
2026/03/23,105.9,"8,372.71999999999","80,310.79",170
2026/03/24,182.62,"8,555.33999999999","80,310.79",178
2026/03/25,-19.58,"8,535.75999999999","80,310.79",197
2026/03/26,-843.11,"7,692.64999999999","80,310.79",225
2026/03/27,-715.94,"6,976.70999999999","80,310.79",228
2026/03/30,-123.13,"6,853.57999999999","80,310.79",225
2026/03/31,848.039999999999,"7,701.61999999999","80,310.79",239
2026/04/01,353.26,"8,054.87999999999","80,310.79",272
2026/04/02,84.19,"8,139.06999999999","80,310.79",311
2026/04/06,397.79,"8,536.85999999999","80,310.79",345
2026/04/07,-398.500000000001,"8,138.35999999999","80,310.79",371
2026/04/08,"2,759.74","10,898.1","85,525.91",410
2026/04/09,521.99,"11,420.09","86,162.76",412
2026/04/10,-788.98,"10,631.11","86,481.96",410
2026/04/13,"1,082.89","11,714","86,481.96",402
2026/04/14,487.61,"12,201.61","86,481.96",396
2026/04/15,-418.02,"11,783.59","86,481.96",392
2026/04/16,-57.7600000000001,"11,725.83","86,481.96",391
2026/04/17,"1,949.67","13,675.5","86,481.96",395
2026/04/20,397.999999999999,"14,073.5","86,481.96",393
2026/04/21,-607.890000000001,"13,465.61","86,481.96",388
2026/04/22,10.8199999999999,"13,476.43","86,481.96",376